intersection,run,north,east,south,west,0,10,20,30,40,50,60,70,80,90,100,110,120,130,140,150,160,170,180,190,200,210,220,230,240,250,260,270,280,290,300,310,320,330,340,350,360,370,380,390,400,410,420,430,440,450,460,470,480,490,500,510,520,530,540,550,560,570,580,590,600,610,620,630,640,650,660,670,680,690,700,710,720,730,740,750,760,770,780,790,800,810,820,830,840,850,860,870,880,890,900,910,920,930,940,950
roundabout-quick-right,1,10,10,10,10,0,5.75,6.4,8.833333,6.444445,14.2,9.2,6.857143,6.555555,8.3,8.5,11.125,10,4.333333,5,6.909091,12.75,7.666667,10,8.5,6,2.6,7.833333,9,6.285714,9,7,4.333333,5.375,7.166667,8.666667,2.8,10,4.75,6,10.57143,10.75,4.625,9.5,8,3.25,5.571429,7,4.8,10.66667,7.75,8,7.8,5,8.5,6.428571,7.727273,7.428571,8.625,10.75,10.33333,4.428571,9.571428,8.222222,7,4.888889,9.636364,10.57143,6.142857,7.285714,8.75,8.375,9.571428,11.66667,4.5,8.4,6.833333,7.857143,5.4,5,10.75,9,4.2,5.714286,8.142858,7.4,9.727273,12.6,1.75,6.125,5.5,7.2,8.625,8,7.857143,9.6,7,11,18.5,4.25,6.2
roundabout-quick-right,2,14,14,14,14,0,7,7.25,8,8.636364,8.4,6.5,6.777778,7.166667,8.222222,6.181818,10.66667,8.5,7.727273,7.285714,8,11.57143,2.833333,7.142857,4.857143,4.555555,9.333333,5.75,7.222222,7,7.444445,7.6,7,8.636364,10.5,5.909091,7.5,12.33333,4.428571,5.666667,8,4.818182,10.66667,7.333333,8,6.75,3.857143,7,2.285714,6.909091,6.416667,11.15385,9.333333,9.5,6,7.153846,9.272727,10,7.714286,6.25,6.3,10.8,8.375,6.666667,9.9,9.142858,11,4.4,7.111111,9.818182,9.818182,7.25,9.75,5.333333,6.75,10.125,11.75,5.2,6.571429,5.571429,8.333333,6.8,4.4,7.111111,6.25,9.571428,4.75,8.2,8,6,4.5,6.833333,10.85714,8.25,6.5,6.923077,8.142858,11.11111,9.375,6.923077,8.454545
roundabout-quick-right,3,18,18,18,18,0,3.666667,9.545455,11,7.916667,9.181818,9.357142,8.4,9.277778,13.4,9.722222,10.1875,9.666667,7.769231,7,11.42857,7.818182,12.28571,7.142857,6.714286,11.46154,11.21429,11.5,9.5625,12.4,11.18182,7.7,7.846154,7.6875,8.2,9.266666,9.066667,9.636364,5.1,6.5,12.44444,7.25,6.75,11.3,6.5,6.666667,6.222222,7.384615,8.916667,7.538462,7.454545,8.0625,9,12.69231,8.333333,9.714286,11.11765,11.11111,12,10.08333,8.538462,9.125,6.75,10.14286,6.4,7.444445,6.230769,8.153846,9.666667,10.1,5.625,8.733334,11,6.777778,8.727273,6.111111,6.285714,6.111111,4.875,6.8,7.692307,7.588235,8.75,11.6,5.111111,7.769231,8.636364,9,5.7,8.666667,8.923077,7.818182,8.1875,9.8125,7.909091,7.444445,7.4,8.6,8.666667,6.1,7
roundabout-quick-right,4,22,22,22,22,0,3.222222,6.769231,9,10.38889,8.75,9.923077,8.454545,7.785714,7.521739,11.06667,9.1875,10.5,9.583333,7.769231,6.8125,7.8,9.947369,11.33333,10.70833,11.63636,8.56,9.086957,11.38095,10.53846,8.533334,7,6.888889,7.833333,8.5,11,5.083333,7.894737,9,13.75,10.07692,7.909091,8.833333,10,8.727273,8.909091,7.428571,6.583333,7.111111,9.8,7.7,7,5.4,7.272727,6.5,8.809524,12.95,13.86667,11.2,12,5.363636,5.666667,9.666667,5.5,7.4375,8.714286,11.7,8.272727,10.53846,6.625,8.933333,11.7,10.45455,4.666667,7,8.846154,7.857143,8,8,7.071429,10,11,9.307693,6.076923,9.333333,5.692307,10.66667,8.75,5.727273,8.866667,7.31579,11.18182,11.66667,7.714286,7.153846,6.769231,5.846154,7,7.416667,9.5,8
roundabout-quick-right,5,26,26,26,26,0,5.444445,7,9.4375,7.25,7.631579,10.0625,8.1875,8.066667,8.222222,10.375,8,7.375,8.6,10.52632,9.28,10.77273,11.78571,11.90476,8.7,8,9.913043,10.5,13,16.1,7.923077,6.4,7.933333,5.733333,7.666667,9.545455,8.266666,8.833333,8.181818,8.545455,11.75,9.333333,9.545455,7.3125,6.866667,9.7,9.333333,8,6.857143,9.214286,8.6875,6.166667,7.846154,7.75,10.70588,11.72727,5.545455,7.928571,6.052631,10.82353,10.3,9.647058,10.42857,12.22222,6,9.375,8.761905,7.571429,8.538462,6.785714,8.6875,10.36842,7.590909,12.32,13.4,10.94118,9.578947,7.933333,9.684211,9.56,13.57895,11.16667,9.545455,9.55,10.81818,11.28571,7.823529,7.043478,8.863636,9.576923,10.92308,9.478261,9.904762,9.4375,10,7.111111,10.76923,7.631579,7.88,9.4,8.55
roundabout-quick-right,6,30,30,30,30,0,5,9.285714,8.636364,9.678572,10.2963,8.964286,10.53846,11.76,11,11.4,14.22222,16.03704,13.58621,14.29167,13.25,12,10.55,12.11111,10.13636,11.75,9.095238,11.07143,8.882353,8.409091,9.608696,8.192307,11.4,11.96429,11.63636,12.95455,9.392858,10.86667,10.55,10,8.473684,10.35,11.68182,12.52,10.85714,10.6875,7.45,9.25,11.75862,11.59375,12.77778,17.14815,20.7,9.058824,9.8,7.318182,9.894737,9.95,11.4375,9.875,8.269231,9.923077,12.31579,9.058824,8.647058,8.16,9.516129,12.82759,12,15,12.29412,12.25,6.619048,9.052631,9.607142,11.14286,9,11.30769,11.59091,7.95,8.318182,9.619047,9.923077,10.04545,9.269231,10.7,11.7931,13.14286,15.17241,15.51724,13.90909,13,13.51724,13.02778,14.48387,17.625,17.07143,15.14286,17.72,16.43478,19.05556
roundabout-quick-right,7,34,34,34,34,0,5.466667,6.538462,8.83871,9,10.73529,11.24242,13.48571,16.96774,16.88461,10.9697,18.26667,14.33333,14.72727,14,17.17857,17.91176,18.8125,17.17857,13.08333,8.416667,10.16667,9.740741,11.66667,13.64286,9.56,9.88,10.72,11.85294,11.89286,13.84615,11.61765,14.2,16.65517,14.73529,12.57895,14.48571,15.86111,14.05882,13.09302,16.6875,19.22449,22.36735,21.97917,18.86047,20.27273,19.51351,19.80488,18.73809,19.65957,18.52,20.55102,19.56522,16.80435,19.65957,23.5,19.48571,19.58537,19.95455,19.27907,22.30769,19.36667,15.35484,14.23333,12.10714,10.25926,12.42857,12.83333,12.68571,12.42424,13.55263,14.96774,16.46154,11.90323,11.87879,13.75,15.25641,11.83784,13.66667,15.02273,18.26829,16.89474,16.1,18.69444,19.14634,21.5,21.275,21.28205,18.16667,16.84848,16.25926,11.73333,14.44118,16.48571,17.05,16.07692
roundabout-quick-right,8,38,38,38,38,0,5.071429,7.5,8.5,10.375,11.18421,12.27027,16.55263,17.05128,16.75,18.75,19.23529,19.57576,17.21053,18.21428,20.08696,19.86957,19.86957,19.13725,17.95833,18.18367,21.86792,20.12121,21.46269,20.85714,21.87342,23.85366,26.0125,28.3718,28.36111,30.38571,30.34783,28.43056,29.68,30.14667,32.89189,32.9863,27.45714,26.0303,26.32308,26.28358,22.63768,24.13043,22.39063,24.69355,24.22222,23.68852,24.33871,24.06452,23,23.9697,26.24324,25.17391,21.6,23.45714,26.82857,26.29167,25.84211,25.98667,29.06757,26.65333,24.4,25.25301,27.55952,27.88235,31.30488,30.42105,29.77922,30.675,29.64706,28.96512,30.77381,29.73256,32.82022,33.61956,37.16667,35.88889,37.69307,39.43011,39.10526,37.53846,37.6055,42.21698,43.58,42.10417,42.04041,42.375,44.06061,42.75758,43.81443,42.27,42.29703,44.42,44.83333,44,44.02128
roundabout-quick-right,9,42,42,42,42,0,3.769231,7.64,8.8125,10.46875,11.37931,10.96774,11.85294,12.59375,11.67647,12.74359,14.04762,14.62857,14.17647,15.20513,15.95918,16.9,19.77778,21.96923,23.18841,25.14063,25.77778,24,25.73438,25.29333,28.21918,25.48529,27.5,27.22667,28.66667,31.10256,30.2963,32.68235,32.47253,34.22472,39.44086,39.04167,40.09278,44.47368,42.33663,45.20561,47.0625,42.60714,46.7037,46.33945,45.50435,45.83333,48.75676,51.54867,55.2906,55.64516,52.21539,51.09023,53.76692,56.06923,56.02878,56.85106,57.3931,58.16084,60.81379,63.23333,67.09524,67.47097,66.25949,69.66013,68.84563,66.60135,69.11347,70.34286,70.47222,76.02084,77.07639,78.64626,79.74496,82.99342,84.52941,87.01987,87.6732,89.89542,92.11465,92.12122,90.13873,85.26437,81.9011,82.83069,85.2718,87.30102,90.7551,89.23037,90.17461,95.36216,95.83246,95.96392,92.66,90.85096,88.29768
roundabout-quick-right,10,46,46,46,46,0,5.31579,6.96875,9.875,12.5102,13.91228,18.44828,21.55172,25.14706,21.89394,22.15385,22.84058,23.32051,23.15068,23.7013,24.2125,25.92771,26.05814,25.74194,26.69697,28.12121,30.05155,31.14953,32.52778,31.34822,30.80357,30.75424,32.94262,33.92126,36.21014,39.33834,41.94776,43.10563,43.07433,44.57333,44.59355,44.75758,46.15698,48.12209,50.89674,53.02604,54.53368,55.09794,56.7766,59.15306,62,63.52195,63.34597,64.49767,65.12617,67.57009,68.14419,68.65297,68.5,69.66071,73.47577,73.99126,77.77093,79.92673,79.54202,78.6748,80.52032,81,79.50597,82.10317,84.112,85.33334,85.61303,85.95438,88.02231,88.81272,88.93333,91.49826,92.12759,92.09091,95.26667,95.8421,96.22951,98.23226,100.3407,100.2879,101.9299,102.6696,106.9582,109.2141,111.3673,113.2171,115.017,118.2571,120.3785,122.0351,123.7633,122.9048,124.0714,126.5798,127.5684
roundabout-quick-right,11,50,50,50,50,0,5.5,8.666667,10.3125,10.48718,10.6,13.14286,18.04651,15.67273,16.35938,17.15278,18.32558,21.33333,23.85849,25.42342,28.04237,29.9322,31.71654,33.85714,36.0458,35.08108,36.38356,37.6,40.51299,41.89542,42.93827,42.38691,42.74576,45.27933,45.00537,43.42051,44.91626,47.21905,50.46544,52.14798,53.55111,57.03098,57.94372,60.17722,61.99605,62.748,66.38956,69.82813,71.97719,75.36502,77.51865,79.3221,80.77143,82.53952,83.23746,84.11149,86.89562,87.76159,88.29299,90.48064,91,91.7943,91.72531,92.29129,95.92442,97.03714,100.8955,103.6289,106.3204,109.7623,110.8118,113.2091,114.0682,117.2073,119.5228,121.8441,124.6125,127.9802,128.0647,131.3805,133.9681,134.2441,136.9691,136.7183,138.7506,141.6028,143.5818,144.7851,146.0089,146.9313,150.5332,151.3946,152.8392,152.9097,153.6124,153.8891,153.2802,152.9941,156.7218,159.5241,159.9695
roundabout-quick-right,12,54,54,54,54,0,4.4,6.75,8.815789,10.52273,12.23529,14.19643,14.87302,16.05405,18.40909,20.56436,23.22807,26.78151,29.2439,32.58461,34.21898,36.49324,37.83851,39.16565,39.53529,40.37989,41.17021,42.27041,44.19901,46.38164,49.78404,52.46789,54.17181,57.21008,59.80972,62.74713,64.20599,67.16236,68.83032,71.55161,72.47241,74.66333,75.9393,77.28797,78.33642,82.49547,84.70796,86.75358,88.51233,90.5873,91.6266,94.1403,96.655,98.06342,100.7345,102.8695,104.7973,109.5202,114.2545,115.1057,119.4543,122.1221,124.7116,127.9749,131.3865,135.748,137.4201,142.1754,144.9332,147.7213,150.0896,153.4465,156.1066,160.4554,161.5797,163.4702,166.6382,170.2558,172.8774,176.8693,179.7274,181.2805,182.9814,184.2165,186.5294,187.7729,189.8891,191.9826,194.8448,199.522,200.6161,201.0774,205.455,206.6296,208.5355,211.4517,213.2297,216.0484,218.3488,221.2776,222.3069
roundabout-quick-right,13,58,58,58,58,0,4.545455,6.5625,10.47222,12.25,12.76,13.25,16.55172,18.39063,20.5,20.23077,21.95,23.63889,25.54386,26.91057,30.06767,31.60584,32.70068,34.09032,38.12346,41.80473,43.69767,47.04023,47.54857,49.24742,50.17241,50.92488,51.53182,53.25877,55.27004,56.69076,58.09266,60.18116,61.81469,64.40067,65.61039,67.73734,68.98154,71.84132,75.82249,80.15205,84.08455,86.91502,91.18414,94.38611,96.51498,98.72629,100.2116,101.8109,104.6608,107.8235,109.4296,112.4466,114.9057,117.7052,120.3002,120.3002,121.1949,122.944,122.2834,124.9759,126.9137,128.6012,132.2467,133.985,137.314,140.1397,141.6018,144.9626,149.03,152.2456,155.9759,157.397,161.0901,163.6404,167.9495,170.2122,172.6872,173.9275,175.9253,177.8064,180.4826,183.8711,186.6021,189.1875,193.4504,196.4908,199.4496,202.7038,204.7627,206.2439,207.0833,208.8011,209.9521,210.6751,215.073
roundabout,1,10,10,10,10,0,4.2,12.33333,4.333333,8.833333,5.333333,10.6,1,9,0,6.666667,8,4,5.5,6.166667,5.875,8.4,8.25,10.625,3.8,6,6,8.625,5.125,7.666667,4.25,8.5,4,5.75,6.636364,9.444445,8.714286,8.25,7.8,7.333333,8.6,6.5,7.166667,7,3.666667,6,6.25,7,7.5,6,8.25,6.4,11.4,7.4,4.6,5.833333,5,6.555555,9.333333,9.875,7.909091,10.42857,9,7,6.571429,12.6,2.666667,4.571429,7.636364,8.888889,7.8,9.25,6,5.5,9.5,7.25,7,2,5.25,10.28571,7.142857,2.666667,6,10.875,8.285714,8.8,3.666667,5.75,4.5,4.333333,9.25,7.4,7.857143,7.4,9.333333,7,5.333333,6.333333,11,6.142857,4.75
roundabout,2,14,14,14,14,0,3.666667,8.125,8.4,7.166667,5.4,7.214286,9.769231,8.1,8.230769,10,8.428572,10.5,5.2,9.857142,7.818182,7,9.454545,7.5,6.363636,10.07692,11.75,10.6,6.666667,8.714286,8.428572,5.222222,4.8,5.636364,7.538462,10,7.9,8,7.125,7.466667,7.818182,7.5,8.5,8.333333,9,6.888889,9,12,6.8,7,6.4,11.5,5.666667,9.25,9.166667,6,8.416667,12.55556,8.555555,6.1,9.615385,12.08333,7.9,7.642857,9.777778,10.4,8.866667,10,7.75,5.142857,6.142857,6.166667,7.266667,7.928571,8,9.8,8.636364,11.28571,6.25,8.6,10.33333,6.333333,5.545455,10.08333,9.153846,12.76923,8.333333,7.285714,10.16667,10.36364,8,7.923077,9.363636,7.333333,6.0625,7.466667,10.38889,11.25,8.571428,13.625,6.4
roundabout,3,18,18,18,18,0,3.777778,6.4,5.6,5.933333,8.833333,7.3,9.75,5.875,6.111111,8.625,8.555555,6,7.888889,7.615385,6.642857,10.72727,7.8,8.769231,10.25,9.666667,7.636364,8.363636,9,5.875,6.384615,9.583333,9.25,8.642858,7.25,5,8.181818,10.23077,9.6,5.733333,8.105263,8.8,7.7,8.909091,5.454545,8.7,8.111111,7.5,9.9,5.111111,8.727273,8.545455,6.6,5.933333,10.73333,10.6,7.2,6.916667,8.235294,8.5,7.545455,10,9.363636,7.6,8.5,5.666667,5.375,5.538462,8,10.3125,12,8.875,7.142857,7.428571,9,11.66667,7.555555,7.7,6.1,5.8,9.1875,8.75,11,9.071428,11.1,8.181818,8.363636,11.54545,8.333333,5.333333,8.375,7.888889,7.888889,5.875,8.375,13.33333,7.111111,9.5,5.5,6.714286,5.166667
roundabout,4,22,22,22,22,0,4.875,7.909091,8.25,6.833333,7.705883,9.842105,9.421053,10.27778,10.13333,10.94118,8.142858,9.368421,11.35714,8.9375,8.133333,9.2,9.611111,13.5,8.153846,7.277778,10.0625,7.769231,6.833333,9.307693,9.571428,9.5,7.476191,10.6,11.9375,9.764706,8.1875,11.43478,11.77273,12.93333,8.4,10.35,10.42105,8.411765,10.61111,11.47368,11.66667,10,9.666667,6.95,9.388889,9,7.583333,6.625,9.9375,11.3,6.588235,7.611111,11.36364,5.333333,6.466667,8.923077,9.235294,10.4375,7.823529,8.8,9.384615,7.066667,7.5,7.133333,9.470589,8.785714,9,6.611111,8.157895,9.4375,7.818182,7.222222,7.333333,8.636364,6.916667,7.733333,8.533334,12.61539,10.06667,6.266667,7.6,10.81818,6.727273,7.071429,8.470589,9.533334,9.642858,9.909091,6.3,5.666667,7.533333,9.5,12.6875,10.27778,9.052631
roundabout,5,26,26,26,26,0,5.266667,7.571429,9.73913,12.22727,16,14.2,12.41177,9.95,9.3,12.28571,11.13043,10.45455,11.47059,9.526316,9.48,10.61539,13.38461,14.24138,15.97143,16.19444,16.2973,16.46154,18.20588,19.31429,19.22857,20.37931,19.42308,13.96429,16.33333,15.60606,15.34615,13.25,11.6,13.44444,10.33333,7.882353,9.136364,12,7.526316,9,10.41177,8.315789,9.2,9.227273,10.11539,11.30769,11.96296,11.16667,13.875,16.22222,14.45833,15.4,16.5,10.21053,8.88,11,9,8.333333,10.1,10.81818,9.473684,11.66667,8,9,11.35,8.608696,11.09091,11.76471,11.53333,10.7,11.84615,9.678572,13,14.92308,16.125,16.81818,14.35294,13.11765,10.13043,12.61905,12.375,8.26087,10.09091,13.76923,11.3125,9.555555,8.2,7.75,8.818182,9.103448,11.17857,14.77778,13.25,11,14.96154
roundabout,6,30,30,30,30,0,3.846154,7.1,9.125,13.04,11.93333,13.4,11.26923,12.91304,15.75,11.4,13.60714,10.80645,13.13333,15.10345,12.36667,11.15152,12.62069,13.66667,13.14286,13.95833,14.36364,10.81481,11.68,11.33333,13.28571,15.82759,17.62069,14.8125,14.82759,16.13793,16.06452,15.46429,14.53571,13.96875,13.80556,13.79487,15.89744,17.97872,19.38636,19.84,19.28572,19.43396,22.75439,24.43333,25.60606,24.89063,25.86765,27.12,28.02597,30.21687,30.89773,34.09412,34.86747,35.38824,35.43023,37.22989,43.32143,44.85185,48.03896,46.24324,45.77941,42.61333,42.01351,39.17284,39.78947,36.80769,34.94805,33.575,33.5125,36.06329,37.825,39.48684,37.07895,39.48649,38.22368,34.80263,37.75641,38.88,39,39.30952,39.62353,38.84706,39.61905,37.97778,36.23595,35.68889,36.45454,40.17857,41.56977,40.1358,37.63855,37.7125,38.73171,39.63855,38.77381
roundabout,7,34,34,34,34,0,4.5,6.368421,7.857143,9.884615,11.875,14.44444,5.833333,7.6,8.807693,10.51613,14.19444,15.12121,15.44118,15.29412,13,14.43182,15.41509,19.37255,23.25,23.4717,23.7963,21.90741,23.2549,21.61403,24.44068,23.25758,24.86364,27.15,27.84127,28.70313,30.92958,33.42857,34.58621,33.84848,35.74603,36.12903,37.88525,31.87931,34.2963,28.62712,29.79032,30.79104,29.78125,30.59702,31.48611,30.33333,33.19277,35.37349,35.74713,36.83333,37.19149,38.65306,43.18947,39.05435,42.8022,42.93548,44.7653,46.91398,47.17172,48.7766,55.95506,55.77174,50.92632,52.15625,54.01031,55.7451,56.15464,56.68868,57.92453,50.5283,49.65714,47.70797,49.00885,53.08772,51.85585,53.97321,55.89286,54.64545,56.08257,57.25,60.23,59.16038,55.57143,54.57143,53.14545,50.2807,48.7438,48.6281,50.4918,47.86466,45.92366,47.39855,48.56338,50.7027,51.73288
roundabout,8,38,38,38,38,0,5.4,7.882353,7.625,8.387096,11.45455,14.48649,16.425,17.37209,15.15385,15.75,17.37288,21.14545,18.94915,19.09375,21.05714,23.22368,26.64286,29.54545,29.80645,28.0597,27.16667,26.58904,25.64634,28.51136,29.77011,31.625,32.78261,32.87629,33.82692,36.82569,37.92308,41,42.52727,42.71552,44.40517,46.72034,47.73554,48.22222,45.97675,46.94656,49.78571,48.97692,48.99248,50.0292,48.98582,46.92567,47.34839,48,46.29878,48.06587,50.38235,52.64607,55.69189,59.05263,63.85492,66.385,67.4902,69.86207,71.67805,74.98048,77.01942,79.45071,80.47945,81.28829,82.63876,85.09649,85.87878,88.82127,90.61304,91.23729,91.44898,92.44898,92.92578,93.72414,95.46591,96.02573,97.40727,99.00359,101.4657,102.3879,104.0179,106.3546,108.032,106.979,109.1789,111.2931,113.7266,116.6111,116.4692,120.1399,121.6054,121.6601,123.0609,124.1994,125.0631
roundabout,9,42,42,42,42,0,4.615385,5.333333,8.956522,9.058824,12.02632,12.28302,15.24528,17.08475,18.84375,19.98485,21.34211,24.48148,25.88506,28.62921,29.85556,30.14286,32.0367,33.04504,35.15929,37.19492,40.08871,37.60294,40.19014,41.90968,41.81013,42.62577,46.76786,50.49412,52.30814,54.44505,54.5163,57.07447,58.92893,63.01005,64.66505,66.12963,66.95089,69.72609,71.65086,72.88608,75.06224,76.52032,77.62055,80.39616,83.01141,83.04029,85.66309,89.74733,91.39929,93.95608,93.86319,96.9644,100.3567,101.4403,103.7222,106.7758,108.5325,112.2597,114.7522,114.298,116.0225,118.9358,123.1457,127.0056,129.1417,133.3178,136.7405,137.6587,136.3954,140.0799,144.3013,144.8405,146.1111,150.5464,153.8604,153.2078,157.5707,158.0667,159.082,159.7229,163.4335,167.4644,169.2306,171.7578,175.567,176.7919,177.5768,180.5295,182.3886,182.1145,182.5,184.2208,182.5295,185.8798,187.1486
roundabout,10,46,46,46,46,0,5.4,6.366667,8.868421,10.72093,13.57143,14.80645,19,20.35616,22.3,23.84536,24.95146,28.23423,29.80992,32.62205,35.47445,36.2937,38.34932,40.60927,43.62025,44.64815,47.38824,49.38764,51.18182,53.45502,54.61538,57.65,57.83732,59.40359,60.75111,63.34348,65.5084,68.23673,68.56078,70.17323,74.42913,79.25,79.90981,82.01901,85.25564,87.66177,90.47584,92.63538,93.85915,97.83972,100.2491,102.8805,104.3725,105.8158,108.1266,109.2981,111.9561,112.1411,113.8373,115.3142,117.0767,117.5358,119.1898,119.5781,121.7778,124.1072,125.0522,126.9641,126.067,129.1471,131.3762,134.0823,134.7518,136.4349,136.7973,139.8742,144.4786,147.1375,148.4048,153.3769,155.4255,159.1776,159.6494,162.5317,164.132,169.9182,171.2083,174.502,177.0564,179.2739,182.5573,186.4202,186.8683,188.7949,189.5773,193.7071,195.6555,197.6239,199.9536,201.9218,204.3159
roundabout,11,50,50,50,50,0,4.947369,7.258065,9.820513,12.07843,14.80303,16.30137,18.5122,21.23404,24.13979,25.31731,27.43636,29.36752,32.09917,33.74453,37.19149,38.27778,40.75,44.29678,44.53374,46.99415,46.53073,48.29787,50.90526,52.8731,54.29048,57.83962,59.78027,60.40343,61.18853,62.66008,65.84314,69.03053,72.31203,73.92701,75.47018,79.41781,81.78947,84.56869,87.46894,90.00302,92.03582,94.93586,95.6474,98.94334,101.6096,103.157,106.3252,109.6817,111.0807,114.2776,116.3232,119.0683,121.7012,124.6024,126.9439,129.4434,131.3364,135.6464,135.5957,136.9342,140.8931,143.9896,149.1077,152.002,151.834,154.9132,160.3609,163.9922,166.1357,167.1434,170.1805,173.5517,176.859,176.769,178.4982,179.3652,179.8906,182.9778,185.1335,187.7475,191.3804,194.257,197.7671,199.9148,202.1987,205.6219,207.5703,210.2546,211.3228,211.4815,215.1559,218.0815,220.3929,222.5805,224.3877
roundabout,12,54,54,54,54,0,4.666667,8.044444,11.33929,14.67123,18.22892,19.94565,21.01905,22.98165,27.58182,30.88136,33.25397,35.47015,36.88194,38.0303,40.1236,42.14674,43.83582,46.16827,49.0787,50.86463,53.70638,56.248,59.32422,61.30769,63.71323,65.73684,68.24232,71.47959,75.51678,77.6645,79.53797,82.90031,85.23795,88.43275,89.71149,92.36813,95.08556,96.32902,99.57107,100.8543,103.6223,106.7718,108.9955,113.2004,117.1062,118.2532,120.9622,124.2992,125.7275,129.0547,132.3295,134.2736,136.353,141.8631,145.5823,148.3447,150.8817,153.9796,155.0744,157.7129,161.1337,164.561,169.2759,172.5743,174.4682,178.4185,181.9203,186.2697,190.1595,194.0071,195.6969,198.315,199.446,200.8696,205.801,208.9558,210.321,212.7261,216.0125,221.0509,223.2736,225.5579,226.9365,229.7417,233.9906,235.621,239.5422,242.3118,245.0729,247.5477,252.3688,255.4735,258.0053,261.0307,264.4614
roundabout,13,58,58,58,58,0,4.391304,7.842105,10.70213,12.60345,13.86957,16.7375,18.63636,20.76699,24.5,25.95238,29.12593,31.43151,33.30247,36.21177,39.89674,42.47423,43.63942,46.89091,49.52193,51.94118,54.88048,56.31559,57.34035,61.41216,63.5915,66.71246,70.31307,72.52493,75.13068,79.29121,81.74005,85.5445,89.12152,91.08759,93.38389,96.89931,100.4507,103.3698,108.5837,111.3319,113.9713,117.3859,118.5922,122.4415,125.1915,128.5722,132.3047,135.8134,138.4049,142.1595,143.8331,147.2241,151.0309,155.2648,158.7987,161.0418,164.3055,167.1213,170.3091,173.6476,175.9537,180.2936,183.6161,187.5155,190.3695,191.7861,194.929,197.5279,200.6989,206.1253,209.1202,212.4612,215.2542,218.7983,223.3957,226.1389,230.0921,233.369,235.3278,236.9294,241.0403,244.4843,246.8635,251.0116,254.1639,256.9034,258.9104,260.9739,264.8581,269.2004,270.4379,274.9049,276.4498,278.2114,280.9449
traffic-lights,1,10,10,10,10,0,5.4,9.428572,14.66667,19.6,23.21428,16.25,11.9,17,23.81818,24.375,12.27273,18.75,26.38461,34.53846,39.26667,11.4,13,19,21.8,20.41176,10.5,11.66667,18.1,24.45455,26.4,12.66667,16.9,21.54545,25.14286,23.72727,21.64706,14.35714,17.94118,21.76191,28.29167,24.66667,12.3,16.75,23.38461,24.26316,24.38461,17.88889,20.45455,28.33333,31.73333,25.22222,6.8,15.22222,17.91667,21.47059,22.16667,17.11111,28.5,29.18182,34.30769,15.75,9.9,17.09091,20.1875,25.73684,14.61539,12,14.1,20.6,24.38461,11.28571,10.9,14.86667,24.28572,27.94444,29.30769,17,12.53846,18.93333,22.09524,10.66667,17.33333,19.41176,25.21053,29.56522,31.73333,21.22222,33.25,33.36364,37.30769,14.6,15.66667,13,20.6,15,10.45455,20,19.375,25.27778,28.47826
traffic-lights,2,14,14,14,14,0,5.5,9.571428,12.16667,15.9375,22.94118,22.14286,19.53333,20.375,28.8125,35.88235,25.75,30.58824,15.69231,19.38889,23.13636,21.37931,23.22727,20.64706,29.88235,30.47826,27.57143,25.70833,15.31818,22,26.90476,26.13043,20.4375,13.14286,18.29412,22.13636,23.40741,16.66667,19.72222,25.90476,27.06897,29,26.66667,16.22222,20.21739,30.61905,27.82609,22.47059,17.0625,22.26316,25.20833,22.56667,17.88461,22.89474,23.6875,35.85714,28.6,22,14.58333,18.0625,20.30435,22.72,21.21428,21.69231,23.55556,28.33333,27.35,31.41667,13.3,15.86667,25.30769,17.93333,20.75,15.44444,18.15385,25.78572,23.72222,24.5,11.94118,24.75,30.07143,19.4,11.46667,14.83333,19.71428,29.1,31,19.5,12.5,20.75,23.76191,24.04348,20.88889,17.95833,25.66667,29.65517,33.35484,30.77273,28.27778,34.8125,34.54546
traffic-lights,3,18,18,18,18,0,7.333333,5.75,10.25,13.73684,17.68,17.07407,16.61539,25.27273,26.90909,29,29.24,23.94444,17.24,20.25,23.09375,25.55882,19.96875,24,25.90322,31,30.54545,33.08,22.58824,23.2,27.44,15.5,20.44444,23.83333,27.24138,32.09091,26.36364,22.46154,23.52381,27.35,30.84,30.57576,25.06452,31,23.88,30.92593,28.70968,23.03333,22.23809,24.94737,25.14286,22.2069,16.96,18.16,22.86667,27.36111,25.30769,23.5625,28.07143,29.32,26.29032,26,29.51515,34.30769,33.65217,30.7,22.68421,14.73077,16,23.60714,26.51429,26,25.36842,31.25,29.67742,30.44118,26.33333,26.69697,25.48485,24,33.46667,33.13334,25.37037,27.90476,25.5,26.39286,24.94286,23.12903,24.53846,23.16129,24.78125,23.75758,21.71428,23.94444,25.67742,34.62069,34.10345,26.88,24.34783,18.45833,19.59259
traffic-lights,4,22,22,22,22,0,3.416667,9.047619,13.95238,18.67857,24.06061,30.17647,20.375,22,24.72414,29.89655,27.09375,25.25926,14.75,21.20833,20.7037,23.8125,25.42308,25,23.28572,26.37037,23.71875,23.82759,22.2069,21.93103,26.34286,25.65789,24.05405,24.08824,22.03333,26.44118,27.63636,25.72414,27.46154,22.21428,26.48485,24.71795,25.14286,27.13793,23.53572,25.53125,22.20513,25.89744,29.57895,27.89744,28.94737,32.75,32.21429,38.79487,33.43333,26.2,26.8125,23.29032,19.2069,22.1,28.78125,29.17949,25.875,29.76471,22.94118,23.4375,28.03226,21.40741,19.08,22.76923,26.7931,29.45714,25.15152,33.13793,25.66667,25.03846,19.36667,15.58333,17.5641,21.23684,26.13889,26.40909,26.40476,30.33333,33.18919,24.90909,26.36364,21.70833,16.03448,22.2069,24.06667,22.53846,18.63889,26.16129,26,31.03333,25.97436,22.65789,27.87879,22.36111,25.10256
traffic-lights,5,26,26,26,26,0,5,6.894737,10.35714,16.27273,19.975,24.06,24.09615,28.82692,35.45454,32,28.31818,26.82051,23.58974,25.76191,30.225,29,28,33.35897,24.15385,21.66667,25.02174,28.89744,32.84211,27.55263,27.475,30.61364,25.97872,28.29268,25.51064,23.93878,29.57447,26.95745,33.35714,31.81395,28.59524,28.71739,23.88636,25.52174,27.27083,25.90909,26.83019,28.29412,32.17021,34.57895,24.25,25.45652,23.6,29.6,32.69231,31.3,28.97872,24.86,27.66,28.13043,25.06522,25.68,24.2,28,34.79245,29.38461,24.46342,26.97222,25.34286,26.07692,23.07317,22.32609,21.98,28.125,31.90909,35.09678,28.05714,23.67647,25.14706,23.45946,23.40625,24.46875,21.86207,21.94286,25.84615,23.52381,22.53192,22.2,25.38298,26.42593,27.61702,21.04255,21.85106,22.39216,27.16327,29.2766,26.46154,25.76471,27.875,28,24
traffic-lights,6,30,30,30,30,0,5.294117,10.09091,15.85185,19.57143,21.44118,23.64865,22.02632,26.75,24.46342,25.70213,24.87273,23.61403,25.78333,32.32258,33.03448,28.98182,27.45283,30.22,31.66667,29.9,25.67924,26.25,28.28572,31.67273,29.01887,29.67857,29.72222,32.4,34.53061,30.56604,27.23529,22.25,24.41379,28.70492,27.22388,28.51563,26.87879,29.04688,35.91935,35.07936,29.87302,28.18462,28.32258,34.27119,33.70909,29.88889,27.37931,30.28572,36.80392,31.22449,31.10345,30.42373,33.34426,39.77193,33.19298,29.22222,29.24528,33.08511,31.50943,28.42593,26.76,24.60784,29.22642,32.76923,27.05263,28.53125,29.85938,33.55,33.01818,29.17857,26.65079,24.26229,27.375,31.15385,28.71154,27.73684,27.72222,30.41509,34.62745,32.64706,26.85714,25.80952,29.26229,32.12121,30.23529,29.5303,29.62712,30.81538,34.83582,37.25862,31.39216,29.4,31.60417,34.07692,32.76364
traffic-lights,7,34,34,34,34,0,3,8.5,9.692307,15.59259,16.43182,18.82759,21.58333,26.45313,30.21918,30.67533,31.77143,29.01538,30.15385,33.37705,33.1017,25,28.95946,33.91892,42.13235,38.08571,35.89552,29.55072,31.32394,33.18421,34.73973,31.55385,29.16667,27.14754,27.30159,27.02857,28.37143,28.70423,30.93151,35.36,35.89743,35.21622,33.93507,36.67073,43.08861,41.15476,33.35526,33.47222,36.45454,37.50746,39.05634,33.66197,31.43836,32.80822,36.33333,34.89874,29.69333,27.84615,28.3125,32.72152,32.2,33.22222,31.87952,33.34832,38.5,37.81319,36.11111,33.81579,35.2973,37.56,36.25317,32.97368,30.3924,31.43243,37.21053,37.09091,34.0641,31.4359,32.64198,35.79268,34.5,30.63855,31.41463,33.85542,38.96552,39.01123,41.82353,36.02222,35.47675,40.93976,39.33721,35,35.77922,39.23944,45.10938,42.95385,43.0274,34.67606,31.24324,34.0303,30.34328
traffic-lights,8,38,38,38,38,0,4.142857,7.84,12.42857,15.33333,20.5,20.375,20,25.09678,28.98438,30.35484,32.71875,31.78788,31.38571,34.5493,31.48718,28.43421,28.93333,29.92593,35.84615,37.44872,34.5375,36.23171,35.89412,40.04938,36.63636,30.5,32.15278,33.08696,37.4058,35.40541,32.09877,32.44706,33.04396,36.23404,37.06522,32.10588,30.5955,32.60825,37.28571,36.41122,36.86666,37.27103,39.41509,41.8,40.74767,38.74038,40.01031,43.03125,42.03738,43.26168,43.63248,42.15574,42.55639,47.58015,47.82222,44.22388,44.33094,48.37956,51.22857,50.62759,51.10714,51.23404,55.43382,56.51471,57.36567,55.45802,55.4964,57.27536,57.2937,59.42446,56.8,56.27941,58.35036,62.5,65.05756,60.9058,56.33333,54.52592,56.8169,57.75862,57.53285,56.65693,59.73944,61.48299,61.09091,62.10458,62.40789,63.85034,66.04285,65.40411,63.7027,63.32468,64.19136,67.2303,69.25
traffic-lights,9,42,42,42,42,0,4.117647,9,12.68293,16.7451,20.33333,23.39726,22.68,23.42308,27.12941,29.36905,32.0122,32.68966,33.45454,33.9898,33.47475,30.92784,29.94059,32.49074,34.84821,36.97436,37.46429,36.97391,38.89916,42.95082,41.26667,40.24615,40.62879,42.52898,47.30435,49.82857,49.06618,47.52778,47.68874,47.88889,50.09938,48.15854,48.64912,50.68391,54.1768,54.71875,53.625,54.36458,57.05612,61.71795,65.22,64.3316,65.44724,65.50944,68.84507,70.36818,68.33031,69.10177,71.16883,73.48101,75.19583,73.14634,73.17742,72.68199,76.35094,77.26471,76.76046,79.94697,83.2397,85.67279,88.14695,86.95406,89,89.157,90.48344,91.50804,93.38436,94.60129,98.29688,103.094,106.5248,108.0344,107.1019,108.8065,112.2,112.1823,112.5172,113.9456,113.7631,119.7159,121.4432,123.9194,126.7766,129.1877,132.0318,134.0914,135.9013,139.6108,141.7373,144.8971,148.5789
traffic-lights,10,46,46,46,46,0,5.428571,7.961538,12.51613,15.60417,18.53846,21.08642,23.70238,26.15054,29.99,32.43689,32.25714,34.89908,35.97458,40.63559,39.92064,38.11017,38.71074,36.76336,40.75714,43.40559,42.54167,43.48,43.73585,46.33758,45.58084,45.40828,45.16574,46.93194,52.15263,54.64063,55.39583,56.73267,58.49537,62.79638,64.29437,63.69658,63.34553,63.53846,67.38023,71.16479,70.71043,70.10769,72.75836,77.33935,79.72983,81.8042,82.26871,85.69,88.48013,88.6129,90.82392,93.01295,96.94952,99.09846,101.1261,100.6795,101.9446,105.3343,109.233,111.2611,110.3333,109.9864,111.5856,115.688,117.3073,120.4767,121.8737,125.8614,126.3545,129.0507,129.9781,130.894,133.1918,136.3649,136.9057,139.5057,142.3544,145.6883,148.1806,150.5696,151.286,151.1903,154.309,158.593,161.5624,165.7789,163.8093,164.1782,167.2823,169.5863,169.7301,170.9693,173.597,178.3481,178.6831
traffic-lights,11,50,50,50,50,0,3.666667,7.914286,13.60526,15.98077,19.75,21.69512,24.89655,26,31.27928,32.48361,30.46342,32.89063,34.91912,37.64429,39.91139,39.3481,38.88757,39.53889,43.48936,46.50254,46.89394,48.97561,51.82692,54.14419,55.5625,56.90171,58.93801,62.332,64.5423,66.63004,65.93286,68.54295,69.88141,73.39375,76.68085,77.67771,79.02639,83.27507,87.14681,91.15028,92.80609,95.71271,98.7863,102.7711,104.0765,106.1785,109.3528,112.1866,115.2429,116.5189,117.8085,119.6066,121.4943,123.3747,127.2237,130.221,132.8853,136.6194,139.4304,141.8685,143.6591,144.6539,144.8774,145.9811,148.4982,149.4862,153.9,156.9946,158.3888,160.3789,162.77,166.5662,168.3259,171.5186,172.0166,174.1283,177.8715,181.1244,184.5345,188.0571,189.8418,192.705,195.3098,196.0227,198.9504,201.5907,203.7238,204.4949,207.9639,212.2611,213.0185,214.7649,217.7408,221.8179,223.1579
traffic-lights,12,54,54,54,54,0,4.041667,8.641026,13.60784,16.74286,20.73077,23.12222,24.62376,26.66072,28.58537,29.86667,30.67586,32.7871,35.91515,40.59649,42.73797,43.61376,42.925,44.98565,48.03153,50.99571,51.5865,53.95142,56.51738,58.8116,61.84342,61.55631,63.86333,66.93396,71.80685,73.39759,75.1506,77.16618,80.42898,84.93681,88.01075,90.14865,92.36508,94.56812,98.54636,101.8,102.3212,104.9381,108.8715,112.3434,116.8634,117.032,119.5654,122.095,127.6445,130.9704,132.3326,136,137.4091,140.3469,144.6414,146.4254,147.5965,148.1092,149.8305,153.713,155.5788,156.1418,156.5897,158.7237,161.5273,162.4271,166.2583,168.147,169.8986,173.0768,176.5701,179.5647,181.1133,184.3862,186.9794,187.3285,189.5164,191.148,195.5048,197.8156,202.4115,206.2213,208.3158,213.6865,216.4606,216.3719,218.2267,221.7554,225.5166,227.522,228.6788,230.9162,233.557,237.2208,240.608
traffic-lights,13,58,58,58,58,0,5.037037,9.794871,13.8983,19.15493,21.58333,23.1383,23.46903,25.92064,29.43885,30.79114,30.88824,33.06742,37.25389,39.6068,42.43182,44.10965,46.95398,51.2008,54.8417,57.59176,58.1295,60.13014,63.02614,67.43871,69.01529,69.72566,73.31035,76.06497,79.85319,82.33244,84.1565,86.73096,89.63524,93.0267,96.61151,97.69373,100.1061,103.0155,104.7137,107.2236,110.6523,113.6936,116.0392,120.9188,124.9008,127.6148,128.6213,130.2011,134.1062,138.0991,140.8986,143.574,148.0083,151.4894,155.1479,157.0433,160.4604,164.5362,167.1876,171.2064,173.0893,175.9804,180.8189,184.1625,186.1016,186.3171,189.3045,193.3431,196.6474,197.2132,199.816,201.754,203.9235,205.6839,208.3858,209.4598,213.7775,217.894,219.3731,222.2763,223.3993,226.5886,230.7811,231.7206,234.8029,236.5624,240.2588,245.0196,248.254,252.3383,254.9979,255.5126,260.0166,264.5642,265.666
